Date,SKU_ID,Category,Warehouse,Opening_Stock,Units_Received,Units_Sold,Closing_Stock,Unit_Cost
2023-01-01,SKU004,Office Supplies,Mumbai,352,54,4,402,444
2023-01-01,SKU001,Electronics,Delhi,169,64,77,156,417
2023-01-01,SKU009,Office Supplies,Delhi,416,83,69,430,3636
2023-01-01,SKU008,Electronics,Hyderabad,351,35,0,386,1507
2023-01-01,SKU017,Office Supplies,Hyderabad,224,35,19,240,1963
2023-01-01,SKU003,Furniture,Mumbai,97,48,12,133,3140
2023-01-01,SKU012,Furniture,Bangalore,463,5,58,410,4592
2023-01-01,SKU002,Electronics,Hyderabad,90,70,37,123,3162
2023-01-02,SKU019,Electronics,Mumbai,244,35,58,221,3188
2023-01-02,SKU007,Electronics,Bangalore,231,26,34,223,784
2023-01-02,SKU003,Office Supplies,Delhi,323,93,31,385,1538
2023-01-02,SKU002,Furniture,Hyderabad,188,81,71,198,1999
2023-01-02,SKU008,Office Supplies,Bangalore,481,98,7,572,2076
2023-01-02,SKU013,Electronics,Bangalore,255,34,8,281,1928
2023-01-02,SKU005,Office Supplies,Bangalore,158,83,63,178,3441
2023-01-02,SKU017,Office Supplies,Hyderabad,123,33,17,139,2220
2023-01-03,SKU018,Office Supplies,Hyderabad,96,96,6,186,1098
2023-01-03,SKU020,Electronics,Delhi,455,87,54,488,720
2023-01-03,SKU009,Furniture,Hyderabad,355,59,67,347,2259
2023-01-03,SKU014,Office Supplies,Mumbai,398,92,14,476,4598
2023-01-03,SKU013,Furniture,Bangalore,107,37,55,89,1495
2023-01-03,SKU006,Furniture,Mumbai,419,92,33,478,4300
2023-01-03,SKU004,Electronics,Mumbai,495,80,38,537,4358
2023-01-03,SKU003,Office Supplies,Delhi,128,47,20,155,4618
2023-01-04,SKU017,Furniture,Delhi,79,30,72,37,845
2023-01-04,SKU001,Electronics,Hyderabad,467,8,68,407,1230
2023-01-04,SKU011,Electronics,Hyderabad,331,21,33,319,4522
2023-01-04,SKU016,Office Supplies,Hyderabad,158,69,25,202,2753
2023-01-04,SKU019,Furniture,Bangalore,274,66,57,283,1191
2023-01-04,SKU002,Electronics,Delhi,82,43,2,123,4737
2023-01-04,SKU006,Electronics,Delhi,53,9,45,17,682
2023-01-04,SKU013,Electronics,Mumbai,66,42,9,99,4411
2023-01-05,SKU008,Furniture,Delhi,451,60,52,459,1759
2023-01-05,SKU009,Electronics,Mumbai,387,55,45,397,3669
2023-01-05,SKU016,Furniture,Hyderabad,492,93,6,579,1006
2023-01-05,SKU007,Electronics,Hyderabad,422,43,13,452,2236
2023-01-05,SKU005,Electronics,Delhi,324,57,17,364,3656
2023-01-05,SKU012,Electronics,Bangalore,286,31,9,308,3830
2023-01-05,SKU010,Office Supplies,Mumbai,75,83,69,89,320
2023-01-05,SKU014,Electronics,Delhi,135,52,62,125,4143
2023-01-06,SKU007,Furniture,Bangalore,266,89,71,284,4186
2023-01-06,SKU013,Electronics,Delhi,201,27,7,221,4944
2023-01-06,SKU002,Office Supplies,Mumbai,432,40,7,465,610
2023-01-06,SKU006,Office Supplies,Hyderabad,307,67,20,354,665
2023-01-06,SKU019,Office Supplies,Mumbai,485,23,8,500,756
2023-01-06,SKU001,Office Supplies,Delhi,256,15,72,199,2216
2023-01-06,SKU020,Office Supplies,Mumbai,367,10,53,324,4981
2023-01-06,SKU005,Office Supplies,Bangalore,183,26,40,169,2155
2023-01-07,SKU009,Electronics,Hyderabad,368,72,12,428,800
2023-01-07,SKU013,Office Supplies,Delhi,309,33,16,326,3059
2023-01-07,SKU005,Electronics,Delhi,239,36,20,255,3789
2023-01-07,SKU010,Office Supplies,Bangalore,363,83,67,379,264
2023-01-07,SKU015,Office Supplies,Bangalore,389,13,17,385,2366
2023-01-07,SKU006,Electronics,Mumbai,430,70,19,481,2431
2023-01-07,SKU019,Furniture,Delhi,417,43,26,434,2362
2023-01-07,SKU002,Office Supplies,Hyderabad,178,6,11,173,3669
2023-01-08,SKU009,Office Supplies,Hyderabad,332,90,54,368,4794
2023-01-08,SKU002,Electronics,Mumbai,88,88,19,157,4669
2023-01-08,SKU001,Electronics,Bangalore,348,70,18,400,3720
2023-01-08,SKU011,Electronics,Mumbai,207,46,5,248,3131
2023-01-08,SKU005,Electronics,Delhi,391,13,45,359,4786
2023-01-08,SKU017,Furniture,Delhi,171,20,22,169,3577
2023-01-08,SKU016,Electronics,Delhi,427,42,52,417,2232
2023-01-08,SKU003,Furniture,Delhi,453,89,13,529,3333
2023-01-09,SKU002,Electronics,Delhi,62,84,24,122,3464
2023-01-09,SKU016,Furniture,Bangalore,492,8,35,465,3076
2023-01-09,SKU008,Office Supplies,Hyderabad,397,68,42,423,426
2023-01-09,SKU007,Electronics,Bangalore,141,74,33,182,513
2023-01-09,SKU015,Electronics,Hyderabad,226,93,40,279,3774
2023-01-09,SKU006,Office Supplies,Mumbai,247,73,24,296,2286
2023-01-09,SKU005,Electronics,Hyderabad,50,66,68,48,1814
2023-01-09,SKU013,Furniture,Hyderabad,85,85,42,128,2771
2023-01-10,SKU004,Furniture,Delhi,148,53,48,153,1625
2023-01-10,SKU010,Office Supplies,Bangalore,257,70,0,327,2689
2023-01-10,SKU017,Furniture,Delhi,270,100,74,296,2839
2023-01-10,SKU019,Furniture,Hyderabad,276,86,27,335,4387
2023-01-10,SKU014,Furniture,Delhi,387,10,36,361,4422
2023-01-10,SKU006,Office Supplies,Bangalore,97,96,30,163,2742
2023-01-10,SKU007,Electronics,Delhi,125,3,5,123,2205
2023-01-10,SKU012,Furniture,Mumbai,283,53,80,256,4915
2023-01-11,SKU007,Electronics,Mumbai,448,54,28,474,1640
2023-01-11,SKU013,Office Supplies,Hyderabad,75,71,31,115,1194
2023-01-11,SKU016,Furniture,Delhi,460,59,67,452,4778
2023-01-11,SKU019,Office Supplies,Bangalore,436,56,78,414,4335
2023-01-11,SKU008,Furniture,Hyderabad,131,95,60,166,3886
2023-01-11,SKU003,Furniture,Delhi,480,81,35,526,4470
2023-01-11,SKU011,Furniture,Delhi,190,56,9,237,2540
2023-01-11,SKU012,Electronics,Bangalore,221,40,69,192,860
2023-01-12,SKU005,Furniture,Hyderabad,219,69,59,229,3606
2023-01-12,SKU020,Electronics,Delhi,476,53,49,480,4984
2023-01-12,SKU008,Office Supplies,Mumbai,488,97,73,512,3316
2023-01-12,SKU013,Furniture,Mumbai,230,38,49,219,3632
2023-01-12,SKU019,Office Supplies,Delhi,299,28,34,293,3770
2023-01-12,SKU012,Furniture,Mumbai,249,43,51,241,1552
2023-01-12,SKU004,Furniture,Delhi,368,68,3,433,3427
2023-01-12,SKU002,Office Supplies,Mumbai,92,82,54,120,1311
2023-01-13,SKU015,Furniture,Bangalore,439,48,35,452,3653
2023-01-13,SKU006,Furniture,Mumbai,290,2,69,223,626
2023-01-13,SKU002,Furniture,Delhi,382,8,5,385,454
2023-01-13,SKU009,Electronics,Delhi,479,2,79,402,1448
2023-01-13,SKU013,Electronics,Delhi,292,85,14,363,4820
2023-01-13,SKU019,Electronics,Hyderabad,408,32,47,393,1574
2023-01-13,SKU004,Office Supplies,Mumbai,448,20,39,429,1085
2023-01-13,SKU008,Office Supplies,Mumbai,209,73,48,234,3449
2023-01-14,SKU007,Electronics,Mumbai,227,68,54,241,3235
2023-01-14,SKU003,Electronics,Bangalore,56,53,62,47,1064
2023-01-14,SKU008,Furniture,Bangalore,375,58,19,414,3767
2023-01-14,SKU004,Electronics,Bangalore,365,68,61,372,4008
2023-01-14,SKU010,Furniture,Bangalore,215,31,11,235,2484
2023-01-14,SKU014,Furniture,Delhi,434,59,72,421,3304
2023-01-14,SKU011,Furniture,Mumbai,303,41,23,321,4194
2023-01-14,SKU016,Electronics,Bangalore,458,33,43,448,2490
2023-01-15,SKU020,Furniture,Hyderabad,334,97,30,401,4100
2023-01-15,SKU009,Office Supplies,Hyderabad,279,2,11,270,2610
2023-01-15,SKU018,Electronics,Hyderabad,404,31,39,396,4964
2023-01-15,SKU001,Furniture,Hyderabad,333,67,44,356,3685
2023-01-15,SKU007,Office Supplies,Bangalore,230,89,58,261,2419
2023-01-15,SKU002,Furniture,Bangalore,168,15,24,159,2784
2023-01-15,SKU004,Electronics,Delhi,148,27,61,114,2465
2023-01-15,SKU012,Office Supplies,Bangalore,101,24,37,88,2063
2023-01-16,SKU012,Office Supplies,Bangalore,407,16,62,361,1040
2023-01-16,SKU006,Electronics,Bangalore,290,61,56,295,2991
2023-01-16,SKU010,Electronics,Mumbai,179,61,14,226,735
2023-01-16,SKU001,Furniture,Hyderabad,87,73,80,80,639
2023-01-16,SKU005,Electronics,Delhi,465,72,38,499,897
2023-01-16,SKU016,Electronics,Mumbai,335,97,53,379,2048
2023-01-16,SKU017,Office Supplies,Hyderabad,280,56,38,298,3712
2023-01-16,SKU014,Furniture,Mumbai,362,94,12,444,1902
2023-01-17,SKU007,Electronics,Mumbai,259,57,76,240,4049
2023-01-17,SKU009,Furniture,Mumbai,168,36,36,168,3919
2023-01-17,SKU003,Electronics,Delhi,185,100,80,205,1820
2023-01-17,SKU006,Furniture,Mumbai,328,28,19,337,2376
2023-01-17,SKU008,Electronics,Mumbai,80,21,39,62,4862
2023-01-17,SKU018,Furniture,Hyderabad,113,59,38,134,3497
2023-01-17,SKU019,Furniture,Hyderabad,274,10,76,208,526
2023-01-17,SKU002,Furniture,Bangalore,359,32,3,388,948
2023-01-18,SKU008,Furniture,Hyderabad,192,23,74,141,3770
2023-01-18,SKU019,Office Supplies,Hyderabad,96,60,44,112,3545
2023-01-18,SKU001,Furniture,Bangalore,393,13,20,386,2901
2023-01-18,SKU009,Furniture,Hyderabad,197,84,51,230,4706
2023-01-18,SKU002,Electronics,Hyderabad,95,40,32,103,2848
2023-01-18,SKU013,Electronics,Hyderabad,492,65,0,557,4644
2023-01-18,SKU015,Furniture,Hyderabad,77,24,66,35,3163
2023-01-18,SKU003,Office Supplies,Hyderabad,370,56,6,420,1867
2023-01-19,SKU009,Electronics,Mumbai,372,77,30,419,1497
2023-01-19,SKU018,Furniture,Mumbai,332,52,11,373,2040
2023-01-19,SKU005,Electronics,Hyderabad,110,82,19,173,4282
2023-01-19,SKU010,Office Supplies,Bangalore,310,90,34,366,3603
2023-01-19,SKU015,Furniture,Hyderabad,174,58,70,162,1384
2023-01-19,SKU016,Furniture,Delhi,356,65,17,404,771
2023-01-19,SKU012,Furniture,Hyderabad,224,100,64,260,2388
2023-01-19,SKU008,Electronics,Bangalore,421,38,75,384,4950
2023-01-20,SKU016,Office Supplies,Hyderabad,283,41,24,300,2156
2023-01-20,SKU005,Office Supplies,Hyderabad,169,99,52,216,557
2023-01-20,SKU015,Furniture,Hyderabad,411,48,49,410,1446
2023-01-20,SKU020,Furniture,Mumbai,114,64,75,103,2919
2023-01-20,SKU012,Electronics,Hyderabad,101,67,58,110,325
2023-01-20,SKU006,Office Supplies,Delhi,259,83,19,323,812
2023-01-20,SKU009,Furniture,Bangalore,223,79,50,252,857
2023-01-20,SKU013,Furniture,Hyderabad,212,80,62,230,4632
2023-01-21,SKU002,Electronics,Mumbai,277,21,38,260,437
2023-01-21,SKU003,Electronics,Bangalore,457,7,37,427,3136
2023-01-21,SKU008,Furniture,Hyderabad,124,31,67,88,3575
2023-01-21,SKU010,Office Supplies,Delhi,137,22,10,149,3333
2023-01-21,SKU018,Office Supplies,Delhi,304,74,18,360,2102
2023-01-21,SKU012,Furniture,Bangalore,285,32,1,316,4011
2023-01-21,SKU020,Furniture,Delhi,87,56,44,99,2650
2023-01-21,SKU007,Office Supplies,Hyderabad,403,32,58,377,2674
2023-01-22,SKU007,Office Supplies,Bangalore,408,37,2,443,3442
2023-01-22,SKU013,Furniture,Mumbai,339,87,6,420,4269
2023-01-22,SKU016,Furniture,Delhi,360,45,28,377,1757
2023-01-22,SKU004,Office Supplies,Bangalore,397,96,17,476,995
2023-01-22,SKU008,Office Supplies,Mumbai,208,100,56,252,473
2023-01-22,SKU020,Office Supplies,Bangalore,424,16,11,429,2617
2023-01-22,SKU010,Furniture,Hyderabad,139,25,16,148,4618
2023-01-22,SKU006,Furniture,Bangalore,475,21,32,464,4147
2023-01-23,SKU010,Office Supplies,Hyderabad,483,71,46,508,939
2023-01-23,SKU011,Furniture,Mumbai,185,68,15,238,3925
2023-01-23,SKU004,Furniture,Bangalore,349,48,47,350,1087
2023-01-23,SKU015,Office Supplies,Delhi,291,3,79,215,4799
2023-01-23,SKU003,Furniture,Delhi,381,8,59,330,2675
2023-01-23,SKU016,Office Supplies,Hyderabad,109,17,5,121,504
2023-01-23,SKU013,Furniture,Hyderabad,109,12,30,91,4603
2023-01-23,SKU018,Electronics,Hyderabad,282,47,69,260,3633
2023-01-24,SKU019,Electronics,Bangalore,161,56,56,161,2134
2023-01-24,SKU005,Furniture,Mumbai,401,47,69,379,3138
2023-01-24,SKU014,Electronics,Hyderabad,191,24,15,200,3925
2023-01-24,SKU004,Electronics,Delhi,378,81,76,383,374
2023-01-24,SKU016,Electronics,Bangalore,174,16,72,118,1881
2023-01-24,SKU010,Electronics,Delhi,350,27,29,348,2891
2023-01-24,SKU007,Electronics,Mumbai,191,18,16,193,4625
2023-01-24,SKU020,Furniture,Delhi,106,84,3,187,1279
2023-01-25,SKU001,Electronics,Hyderabad,319,14,8,325,4101
2023-01-25,SKU012,Furniture,Bangalore,312,75,13,374,3902
2023-01-25,SKU008,Office Supplies,Delhi,364,5,66,303,2670
2023-01-25,SKU011,Furniture,Mumbai,81,61,51,91,3692
2023-01-25,SKU020,Office Supplies,Mumbai,301,91,56,336,802
2023-01-25,SKU003,Electronics,Bangalore,361,18,8,371,1233
2023-01-25,SKU005,Furniture,Bangalore,245,76,67,254,2615
2023-01-25,SKU016,Furniture,Hyderabad,100,89,14,175,4716
2023-01-26,SKU007,Furniture,Hyderabad,423,12,40,395,3696
2023-01-26,SKU014,Furniture,Bangalore,241,19,60,200,749
2023-01-26,SKU015,Electronics,Mumbai,97,55,12,140,3252
2023-01-26,SKU008,Electronics,Mumbai,350,71,71,350,2900
2023-01-26,SKU019,Office Supplies,Mumbai,260,45,54,251,621
2023-01-26,SKU006,Furniture,Bangalore,230,13,73,170,4356
2023-01-26,SKU016,Electronics,Delhi,386,61,28,419,1086
2023-01-26,SKU017,Furniture,Bangalore,108,97,35,170,4903
2023-01-27,SKU008,Office Supplies,Bangalore,223,44,0,267,1686
2023-01-27,SKU014,Electronics,Hyderabad,85,18,3,100,951
2023-01-27,SKU018,Office Supplies,Delhi,242,53,58,237,2992
2023-01-27,SKU001,Electronics,Bangalore,209,92,41,260,4849
2023-01-27,SKU009,Office Supplies,Mumbai,76,19,20,75,607
2023-01-27,SKU017,Office Supplies,Mumbai,189,56,54,191,4178
2023-01-27,SKU003,Office Supplies,Hyderabad,262,34,27,269,4397
2023-01-27,SKU005,Electronics,Bangalore,270,14,36,248,4186
2023-01-28,SKU017,Electronics,Bangalore,158,98,17,239,2293
2023-01-28,SKU010,Furniture,Bangalore,111,0,63,48,3727
2023-01-28,SKU002,Electronics,Delhi,244,68,29,283,4298
2023-01-28,SKU008,Office Supplies,Bangalore,86,50,5,131,3773
2023-01-28,SKU013,Electronics,Hyderabad,89,40,73,56,3716
2023-01-28,SKU019,Office Supplies,Hyderabad,413,81,53,441,2571
2023-01-28,SKU001,Electronics,Hyderabad,60,41,21,80,3969
2023-01-28,SKU014,Office Supplies,Bangalore,95,55,13,137,2193
2023-01-29,SKU014,Office Supplies,Bangalore,163,42,21,184,825
2023-01-29,SKU019,Office Supplies,Mumbai,321,65,24,362,3062
2023-01-29,SKU013,Furniture,Delhi,170,13,18,165,2296
2023-01-29,SKU017,Electronics,Delhi,358,19,9,368,1651
2023-01-29,SKU003,Office Supplies,Hyderabad,287,96,72,311,4947
2023-01-29,SKU007,Furniture,Bangalore,492,80,40,532,1436
2023-01-29,SKU020,Furniture,Mumbai,290,56,80,266,2680
2023-01-29,SKU005,Furniture,Mumbai,230,64,9,285,2742
2023-01-30,SKU015,Office Supplies,Mumbai,364,76,64,376,3349
2023-01-30,SKU020,Furniture,Mumbai,280,73,24,329,2833
2023-01-30,SKU002,Office Supplies,Hyderabad,306,19,7,318,3890
2023-01-30,SKU018,Electronics,Bangalore,415,10,64,361,1613
2023-01-30,SKU012,Electronics,Delhi,412,56,56,412,4493
2023-01-30,SKU014,Office Supplies,Delhi,236,47,36,247,3373
2023-01-30,SKU005,Furniture,Bangalore,397,76,6,467,2941
2023-01-30,SKU017,Electronics,Bangalore,98,71,49,120,2527
2023-01-31,SKU009,Office Supplies,Hyderabad,116,76,10,182,2736
2023-01-31,SKU005,Office Supplies,Hyderabad,379,42,16,405,4512
2023-01-31,SKU011,Electronics,Hyderabad,310,46,2,354,3170
2023-01-31,SKU003,Furniture,Delhi,159,43,62,140,1772
2023-01-31,SKU019,Electronics,Delhi,129,9,37,101,1028
2023-01-31,SKU015,Office Supplies,Mumbai,388,43,79,352,1273
2023-01-31,SKU006,Office Supplies,Hyderabad,128,20,23,125,1556
2023-01-31,SKU016,Office Supplies,Hyderabad,72,52,46,78,2145
2023-02-01,SKU015,Furniture,Delhi,238,86,73,251,3809
2023-02-01,SKU010,Furniture,Bangalore,448,48,64,432,4520
2023-02-01,SKU020,Furniture,Delhi,468,25,77,416,1333
2023-02-01,SKU008,Furniture,Mumbai,378,61,47,392,4742
2023-02-01,SKU017,Electronics,Mumbai,195,10,20,185,2434
2023-02-01,SKU005,Furniture,Delhi,475,55,11,519,2018
2023-02-01,SKU013,Furniture,Bangalore,63,53,6,110,3447
2023-02-01,SKU014,Office Supplies,Bangalore,170,49,10,209,3271
2023-02-02,SKU008,Electronics,Bangalore,474,60,17,517,4042
2023-02-02,SKU001,Furniture,Mumbai,90,2,32,60,1966
2023-02-02,SKU011,Electronics,Hyderabad,106,99,36,169,2146
2023-02-02,SKU004,Furniture,Mumbai,74,30,53,51,3944
2023-02-02,SKU018,Electronics,Mumbai,478,63,76,465,4591
2023-02-02,SKU013,Electronics,Delhi,417,18,37,398,3716
2023-02-02,SKU003,Electronics,Bangalore,173,73,53,193,1734
2023-02-02,SKU014,Office Supplies,Mumbai,318,46,8,356,4509
2023-02-03,SKU018,Office Supplies,Hyderabad,241,32,2,271,3125
2023-02-03,SKU017,Electronics,Bangalore,173,93,80,186,1049
2023-02-03,SKU019,Office Supplies,Bangalore,118,5,45,78,4672
2023-02-03,SKU001,Furniture,Delhi,475,99,59,515,4120
2023-02-03,SKU013,Office Supplies,Delhi,465,17,8,474,3949
2023-02-03,SKU014,Electronics,Bangalore,153,5,25,133,543
2023-02-03,SKU008,Furniture,Bangalore,313,50,69,294,4078
2023-02-03,SKU020,Furniture,Mumbai,435,82,24,493,2543
2023-02-04,SKU012,Furniture,Hyderabad,247,43,23,267,4264
2023-02-04,SKU002,Office Supplies,Hyderabad,238,66,34,270,876
2023-02-04,SKU011,Office Supplies,Hyderabad,90,55,77,68,1678
2023-02-04,SKU009,Office Supplies,Bangalore,214,13,10,217,2886
2023-02-04,SKU004,Office Supplies,Bangalore,206,57,77,186,3690
2023-02-04,SKU013,Electronics,Hyderabad,229,57,5,281,3088
2023-02-04,SKU006,Office Supplies,Hyderabad,190,81,7,264,814
2023-02-04,SKU007,Office Supplies,Hyderabad,236,65,20,281,455
2023-02-05,SKU005,Furniture,Bangalore,246,72,4,314,1456
2023-02-05,SKU015,Office Supplies,Hyderabad,239,47,56,230,829
2023-02-05,SKU002,Office Supplies,Delhi,321,46,50,317,2775
2023-02-05,SKU020,Office Supplies,Bangalore,177,14,3,188,1724
2023-02-05,SKU003,Furniture,Hyderabad,337,15,33,319,2332
2023-02-05,SKU004,Office Supplies,Hyderabad,159,78,36,201,4223
2023-02-05,SKU013,Electronics,Mumbai,119,9,57,71,1614
2023-02-05,SKU011,Office Supplies,Hyderabad,94,87,40,141,3046
2023-02-06,SKU003,Office Supplies,Delhi,456,46,65,437,2036
2023-02-06,SKU018,Electronics,Delhi,455,17,30,442,4247
2023-02-06,SKU019,Electronics,Bangalore,333,73,47,359,4028
2023-02-06,SKU010,Office Supplies,Delhi,363,11,8,366,2733
2023-02-06,SKU017,Furniture,Hyderabad,319,52,52,319,4909
2023-02-06,SKU014,Electronics,Delhi,212,82,9,285,3886
2023-02-06,SKU020,Furniture,Bangalore,115,99,70,144,1690
2023-02-06,SKU012,Electronics,Hyderabad,307,7,15,299,4444
2023-02-07,SKU005,Furniture,Bangalore,483,10,32,461,1808
2023-02-07,SKU010,Office Supplies,Bangalore,114,80,38,156,4570
2023-02-07,SKU006,Electronics,Delhi,353,74,19,408,1602
2023-02-07,SKU018,Office Supplies,Bangalore,481,72,5,548,432
2023-02-07,SKU011,Electronics,Mumbai,378,98,73,403,2368
2023-02-07,SKU015,Office Supplies,Delhi,442,73,53,462,448
2023-02-07,SKU012,Furniture,Bangalore,378,38,61,355,2206
2023-02-07,SKU004,Office Supplies,Hyderabad,202,58,9,251,690
2023-02-08,SKU006,Electronics,Bangalore,491,91,40,542,3029
2023-02-08,SKU015,Furniture,Delhi,439,47,65,421,4801
2023-02-08,SKU014,Electronics,Bangalore,173,59,15,217,2391
2023-02-08,SKU016,Furniture,Delhi,122,12,6,128,2577
2023-02-08,SKU019,Furniture,Hyderabad,177,20,41,156,4932
2023-02-08,SKU004,Office Supplies,Bangalore,147,97,20,224,4281
2023-02-08,SKU020,Office Supplies,Hyderabad,305,39,63,281,389
2023-02-08,SKU010,Electronics,Hyderabad,308,58,30,336,1962
2023-02-09,SKU019,Office Supplies,Hyderabad,196,68,1,263,1080
2023-02-09,SKU012,Furniture,Delhi,185,93,46,232,3503
2023-02-09,SKU002,Furniture,Mumbai,255,6,72,189,4802
2023-02-09,SKU018,Electronics,Bangalore,333,36,9,360,3364
2023-02-09,SKU010,Office Supplies,Hyderabad,441,70,35,476,1173
2023-02-09,SKU008,Electronics,Mumbai,251,47,43,255,4769
2023-02-09,SKU016,Furniture,Delhi,151,77,65,163,3488
2023-02-09,SKU011,Office Supplies,Mumbai,73,4,17,60,2928
2023-02-10,SKU016,Electronics,Hyderabad,365,94,38,421,2955
2023-02-10,SKU017,Office Supplies,Hyderabad,412,72,38,446,4090
2023-02-10,SKU015,Electronics,Bangalore,219,86,14,291,3612
2023-02-10,SKU005,Office Supplies,Bangalore,457,92,80,469,418
2023-02-10,SKU019,Office Supplies,Hyderabad,185,83,74,194,4931
2023-02-10,SKU006,Electronics,Mumbai,348,61,21,388,4494
2023-02-10,SKU010,Office Supplies,Hyderabad,125,87,31,181,458
2023-02-10,SKU018,Office Supplies,Mumbai,147,2,56,93,2769
2023-02-11,SKU014,Furniture,Mumbai,411,17,66,362,1898
2023-02-11,SKU005,Office Supplies,Bangalore,389,61,67,383,3286
2023-02-11,SKU020,Furniture,Delhi,285,68,43,310,4675
2023-02-11,SKU007,Furniture,Bangalore,362,61,24,399,2219
2023-02-11,SKU018,Furniture,Bangalore,165,38,36,167,1898
2023-02-11,SKU009,Office Supplies,Hyderabad,212,61,44,229,4791
2023-02-11,SKU013,Office Supplies,Bangalore,197,15,73,139,4649
2023-02-11,SKU010,Furniture,Hyderabad,469,44,18,495,2579
2023-02-12,SKU002,Furniture,Delhi,153,68,34,187,4804
2023-02-12,SKU010,Office Supplies,Bangalore,120,13,78,55,2160
2023-02-12,SKU003,Electronics,Mumbai,392,67,28,431,2107
2023-02-12,SKU012,Electronics,Mumbai,261,42,60,243,1023
2023-02-12,SKU015,Office Supplies,Delhi,52,70,20,102,3533
2023-02-12,SKU011,Office Supplies,Hyderabad,294,83,25,352,2553
2023-02-12,SKU005,Furniture,Bangalore,380,7,11,376,4903
2023-02-12,SKU017,Electronics,Mumbai,139,53,22,170,497
2023-02-13,SKU013,Office Supplies,Mumbai,221,36,58,199,4650
2023-02-13,SKU016,Office Supplies,Hyderabad,118,64,59,123,2435
2023-02-13,SKU006,Electronics,Mumbai,219,20,58,181,2307
2023-02-13,SKU010,Office Supplies,Delhi,57,94,43,108,2616
2023-02-13,SKU002,Office Supplies,Delhi,139,78,51,166,3703
2023-02-13,SKU001,Office Supplies,Bangalore,94,51,12,133,1713
2023-02-13,SKU005,Electronics,Hyderabad,215,31,0,246,2336
2023-02-13,SKU017,Furniture,Delhi,278,96,34,340,2900
2023-02-14,SKU010,Office Supplies,Mumbai,288,39,20,307,3521
2023-02-14,SKU019,Office Supplies,Bangalore,403,15,37,381,3210
2023-02-14,SKU001,Office Supplies,Delhi,162,17,61,118,1454
2023-02-14,SKU009,Furniture,Bangalore,262,89,70,281,4057
2023-02-14,SKU012,Office Supplies,Delhi,440,31,76,395,870
2023-02-14,SKU016,Office Supplies,Hyderabad,320,90,46,364,839
2023-02-14,SKU004,Office Supplies,Mumbai,81,70,64,87,1856
2023-02-14,SKU018,Office Supplies,Delhi,134,41,66,109,3819
2023-02-15,SKU004,Electronics,Hyderabad,283,72,7,348,4777
2023-02-15,SKU007,Furniture,Bangalore,420,2,50,372,2284
2023-02-15,SKU016,Electronics,Delhi,346,9,5,350,3670
2023-02-15,SKU003,Furniture,Mumbai,327,7,8,326,4067
2023-02-15,SKU015,Electronics,Bangalore,259,23,17,265,3643
2023-02-15,SKU013,Furniture,Hyderabad,279,48,48,279,857
2023-02-15,SKU001,Office Supplies,Delhi,384,44,15,413,1662
2023-02-15,SKU008,Office Supplies,Hyderabad,320,16,28,308,228
2023-02-16,SKU001,Furniture,Bangalore,129,35,24,140,1124
2023-02-16,SKU010,Electronics,Hyderabad,364,98,2,460,2171
2023-02-16,SKU015,Electronics,Mumbai,101,76,4,173,3857
2023-02-16,SKU014,Office Supplies,Mumbai,175,94,5,264,3495
2023-02-16,SKU013,Furniture,Delhi,326,27,7,346,1347
2023-02-16,SKU017,Office Supplies,Bangalore,169,93,73,189,2812
2023-02-16,SKU004,Office Supplies,Bangalore,171,38,18,191,4470
2023-02-16,SKU018,Electronics,Hyderabad,203,35,7,231,4760
2023-02-17,SKU019,Furniture,Bangalore,406,53,52,407,1422
2023-02-17,SKU006,Furniture,Hyderabad,144,96,68,172,4079
2023-02-17,SKU014,Electronics,Delhi,203,90,18,275,3993
2023-02-17,SKU016,Electronics,Hyderabad,263,71,67,267,1298
2023-02-17,SKU002,Furniture,Delhi,180,26,42,164,847
2023-02-17,SKU020,Furniture,Bangalore,97,68,24,141,622
2023-02-17,SKU011,Furniture,Hyderabad,394,77,77,394,523
2023-02-17,SKU018,Electronics,Delhi,461,97,75,483,4778
2023-02-18,SKU007,Electronics,Mumbai,432,96,61,467,2187
2023-02-18,SKU016,Office Supplies,Delhi,253,30,70,213,2834
2023-02-18,SKU020,Furniture,Hyderabad,288,68,45,311,2726
2023-02-18,SKU011,Furniture,Bangalore,312,63,59,316,1007
2023-02-18,SKU010,Office Supplies,Hyderabad,439,40,26,453,3236
2023-02-18,SKU015,Furniture,Hyderabad,73,72,28,117,1395
2023-02-18,SKU001,Electronics,Bangalore,333,74,74,333,3620
2023-02-18,SKU004,Furniture,Delhi,150,42,29,163,3311
2023-02-19,SKU019,Office Supplies,Hyderabad,285,21,45,261,1586
2023-02-19,SKU008,Electronics,Hyderabad,144,69,7,206,4492
2023-02-19,SKU016,Electronics,Mumbai,468,85,6,547,252
2023-02-19,SKU011,Furniture,Delhi,481,80,29,532,756
2023-02-19,SKU009,Office Supplies,Delhi,54,27,64,17,3935
2023-02-19,SKU013,Furniture,Mumbai,366,81,78,369,4158
2023-02-19,SKU014,Office Supplies,Hyderabad,58,0,34,24,4719
2023-02-19,SKU020,Furniture,Mumbai,58,67,35,90,4588
2023-02-20,SKU010,Electronics,Delhi,148,79,67,160,2267
2023-02-20,SKU001,Furniture,Bangalore,457,50,10,497,3256
2023-02-20,SKU017,Furniture,Hyderabad,339,31,28,342,2657
2023-02-20,SKU014,Office Supplies,Mumbai,384,83,4,463,965
2023-02-20,SKU006,Furniture,Hyderabad,243,70,60,253,659
2023-02-20,SKU002,Office Supplies,Mumbai,409,21,10,420,4294
2023-02-20,SKU015,Furniture,Bangalore,339,12,67,284,548
2023-02-20,SKU009,Electronics,Delhi,494,88,72,510,4095
2023-02-21,SKU009,Electronics,Delhi,350,18,50,318,830
2023-02-21,SKU002,Furniture,Delhi,338,30,72,296,3387
2023-02-21,SKU003,Office Supplies,Bangalore,246,96,17,325,842
2023-02-21,SKU020,Office Supplies,Bangalore,77,12,55,34,2101
2023-02-21,SKU019,Electronics,Bangalore,359,98,78,379,3449
2023-02-21,SKU018,Furniture,Mumbai,374,34,57,351,4219
2023-02-21,SKU014,Electronics,Bangalore,333,48,55,326,1721
2023-02-21,SKU006,Office Supplies,Hyderabad,93,98,79,112,2619
2023-02-22,SKU008,Office Supplies,Delhi,428,49,40,437,3154
2023-02-22,SKU003,Electronics,Mumbai,52,39,56,35,3148
2023-02-22,SKU019,Furniture,Mumbai,117,11,23,105,3730
2023-02-22,SKU009,Furniture,Hyderabad,102,3,11,94,3099
2023-02-22,SKU005,Office Supplies,Mumbai,355,76,41,390,3355
2023-02-22,SKU007,Electronics,Bangalore,261,49,10,300,4783
2023-02-22,SKU012,Electronics,Delhi,400,48,21,427,1337
2023-02-22,SKU013,Furniture,Bangalore,187,63,18,232,718
2023-02-23,SKU006,Furniture,Bangalore,176,92,80,188,4261
2023-02-23,SKU014,Office Supplies,Delhi,284,13,17,280,2695
2023-02-23,SKU009,Electronics,Hyderabad,220,79,48,251,2899
2023-02-23,SKU019,Furniture,Bangalore,270,83,76,277,1315
2023-02-23,SKU010,Furniture,Bangalore,358,88,25,421,4124
2023-02-23,SKU008,Furniture,Delhi,253,40,37,256,4222
2023-02-23,SKU013,Office Supplies,Delhi,216,48,35,229,3418
2023-02-23,SKU002,Furniture,Mumbai,338,25,75,288,4669
2023-02-24,SKU006,Office Supplies,Mumbai,469,52,63,458,1340
2023-02-24,SKU018,Office Supplies,Bangalore,173,32,19,186,3666
2023-02-24,SKU001,Furniture,Mumbai,279,76,61,294,4969
2023-02-24,SKU015,Furniture,Hyderabad,328,4,46,286,4598
2023-02-24,SKU007,Office Supplies,Mumbai,105,98,31,172,3108
2023-02-24,SKU008,Electronics,Mumbai,338,82,51,369,2916
2023-02-24,SKU013,Furniture,Mumbai,55,12,33,34,2018
2023-02-24,SKU005,Office Supplies,Delhi,278,47,50,275,3993
2023-02-25,SKU019,Furniture,Mumbai,109,93,18,184,3053
2023-02-25,SKU017,Furniture,Bangalore,283,100,26,357,4468
2023-02-25,SKU005,Furniture,Bangalore,293,12,56,249,3906
2023-02-25,SKU012,Furniture,Mumbai,203,5,14,194,385
2023-02-25,SKU001,Furniture,Mumbai,396,21,31,386,4427
2023-02-25,SKU008,Electronics,Delhi,219,71,54,236,3985
2023-02-25,SKU002,Electronics,Hyderabad,372,23,23,372,3740
2023-02-25,SKU018,Furniture,Mumbai,427,78,25,480,3882
2023-02-26,SKU019,Office Supplies,Mumbai,345,13,68,290,1731
2023-02-26,SKU014,Furniture,Bangalore,150,58,14,194,2349
2023-02-26,SKU013,Office Supplies,Hyderabad,320,81,40,361,3383
2023-02-26,SKU001,Office Supplies,Hyderabad,350,14,44,320,3083
2023-02-26,SKU007,Furniture,Delhi,466,86,38,514,894
2023-02-26,SKU004,Office Supplies,Delhi,210,15,30,195,2701
2023-02-26,SKU005,Electronics,Delhi,241,88,18,311,4384
2023-02-26,SKU018,Furniture,Hyderabad,355,17,73,299,3343
2023-02-27,SKU014,Electronics,Bangalore,481,57,79,459,639
2023-02-27,SKU006,Furniture,Mumbai,298,17,24,291,3345
2023-02-27,SKU016,Office Supplies,Hyderabad,259,87,62,284,3604
2023-02-27,SKU019,Office Supplies,Hyderabad,300,21,10,311,4831
2023-02-27,SKU017,Electronics,Delhi,199,4,35,168,2041
2023-02-27,SKU008,Office Supplies,Bangalore,136,99,58,177,4833
2023-02-27,SKU005,Office Supplies,Hyderabad,331,65,14,382,4891
2023-02-27,SKU003,Electronics,Bangalore,446,69,46,469,4640
2023-02-28,SKU002,Electronics,Bangalore,497,4,57,444,2352
2023-02-28,SKU015,Furniture,Mumbai,274,15,30,259,1919
2023-02-28,SKU018,Office Supplies,Bangalore,490,90,78,502,3707
2023-02-28,SKU007,Electronics,Delhi,451,26,26,451,686
2023-02-28,SKU014,Office Supplies,Bangalore,322,35,76,281,4613
2023-02-28,SKU020,Electronics,Bangalore,410,37,37,410,4891
2023-02-28,SKU012,Furniture,Mumbai,119,96,52,163,685
2023-02-28,SKU011,Furniture,Delhi,409,16,31,394,1398
2023-03-01,SKU011,Office Supplies,Hyderabad,242,57,9,290,962
2023-03-01,SKU008,Furniture,Bangalore,405,47,58,394,4198
2023-03-01,SKU013,Furniture,Mumbai,494,99,11,582,3955
2023-03-01,SKU016,Office Supplies,Bangalore,485,8,68,425,3458
2023-03-01,SKU005,Electronics,Hyderabad,472,27,63,436,2399
2023-03-01,SKU010,Furniture,Bangalore,222,70,73,219,1269
2023-03-01,SKU020,Office Supplies,Hyderabad,453,43,6,490,576
2023-03-01,SKU017,Electronics,Hyderabad,58,15,20,53,3815
2023-03-02,SKU015,Electronics,Bangalore,97,83,46,134,2251
2023-03-02,SKU001,Electronics,Bangalore,390,83,21,452,624
2023-03-02,SKU014,Furniture,Bangalore,421,89,29,481,3716
2023-03-02,SKU007,Office Supplies,Mumbai,410,12,0,422,1948
2023-03-02,SKU005,Furniture,Mumbai,117,75,28,164,4455
2023-03-02,SKU020,Office Supplies,Hyderabad,54,1,44,11,3014
2023-03-02,SKU011,Electronics,Hyderabad,405,16,61,360,780
2023-03-02,SKU016,Electronics,Hyderabad,95,93,13,175,1045
2023-03-03,SKU011,Electronics,Delhi,85,67,72,80,269
2023-03-03,SKU012,Office Supplies,Delhi,275,44,27,292,1440
2023-03-03,SKU010,Furniture,Hyderabad,490,27,11,506,1023
2023-03-03,SKU005,Electronics,Mumbai,351,93,49,395,3079
2023-03-03,SKU013,Furniture,Bangalore,455,17,31,441,2468
2023-03-03,SKU016,Office Supplies,Mumbai,177,70,76,171,2534
2023-03-03,SKU014,Office Supplies,Mumbai,484,84,38,530,1883
2023-03-03,SKU015,Office Supplies,Delhi,432,50,37,445,647
2023-03-04,SKU008,Electronics,Mumbai,234,40,16,258,3368
2023-03-04,SKU016,Office Supplies,Hyderabad,237,69,22,284,4058
2023-03-04,SKU013,Electronics,Mumbai,350,8,1,357,2347
2023-03-04,SKU004,Electronics,Mumbai,80,50,64,66,2546
2023-03-04,SKU020,Office Supplies,Hyderabad,266,89,51,304,875
2023-03-04,SKU019,Office Supplies,Delhi,192,10,39,163,847
2023-03-04,SKU011,Office Supplies,Delhi,463,19,68,414,2876
2023-03-04,SKU010,Furniture,Mumbai,208,89,55,242,2154
2023-03-05,SKU002,Electronics,Bangalore,391,94,22,463,1178
2023-03-05,SKU008,Electronics,Delhi,409,1,20,390,4266
2023-03-05,SKU003,Furniture,Bangalore,135,47,16,166,2401
2023-03-05,SKU014,Office Supplies,Mumbai,444,3,42,405,3717
2023-03-05,SKU004,Furniture,Mumbai,184,91,73,202,831
2023-03-05,SKU019,Furniture,Hyderabad,311,46,7,350,4292
2023-03-05,SKU010,Office Supplies,Delhi,238,20,32,226,1042
2023-03-05,SKU017,Office Supplies,Mumbai,166,94,65,195,221
2023-03-06,SKU002,Electronics,Mumbai,333,91,53,371,2039
2023-03-06,SKU001,Furniture,Delhi,263,92,40,315,2422
2023-03-06,SKU008,Electronics,Bangalore,111,64,6,169,1669
2023-03-06,SKU020,Electronics,Mumbai,255,8,59,204,2512
2023-03-06,SKU016,Furniture,Bangalore,94,70,58,106,265
2023-03-06,SKU006,Furniture,Delhi,199,72,38,233,2187
2023-03-06,SKU007,Furniture,Bangalore,352,63,25,390,4677
2023-03-06,SKU003,Electronics,Delhi,53,52,3,102,2108
2023-03-07,SKU018,Office Supplies,Bangalore,103,26,67,62,2151
2023-03-07,SKU012,Furniture,Hyderabad,80,18,35,63,962
2023-03-07,SKU001,Electronics,Delhi,482,66,52,496,3251
2023-03-07,SKU011,Furniture,Mumbai,347,12,64,295,1293
2023-03-07,SKU020,Office Supplies,Hyderabad,88,75,72,91,710
2023-03-07,SKU013,Furniture,Delhi,171,37,33,175,2780
2023-03-07,SKU017,Furniture,Bangalore,212,57,34,235,2113
2023-03-07,SKU007,Electronics,Delhi,119,99,74,144,1092
2023-03-08,SKU005,Office Supplies,Bangalore,444,26,57,413,2725
2023-03-08,SKU004,Furniture,Bangalore,486,15,11,490,1491
2023-03-08,SKU006,Office Supplies,Bangalore,473,90,77,486,530
2023-03-08,SKU015,Electronics,Bangalore,125,11,31,105,3114
2023-03-08,SKU017,Furniture,Mumbai,396,38,33,401,1624
2023-03-08,SKU018,Electronics,Hyderabad,487,57,71,473,4706
2023-03-08,SKU007,Electronics,Mumbai,286,13,17,282,1194
2023-03-08,SKU002,Electronics,Mumbai,475,99,28,546,1270
2023-03-09,SKU007,Electronics,Mumbai,151,82,56,177,1255
2023-03-09,SKU013,Electronics,Bangalore,112,5,59,58,614
2023-03-09,SKU012,Electronics,Hyderabad,470,92,50,512,4264
2023-03-09,SKU003,Electronics,Hyderabad,399,54,22,431,3099
2023-03-09,SKU009,Electronics,Delhi,190,35,57,168,1417
2023-03-09,SKU015,Electronics,Delhi,381,37,63,355,3575
2023-03-09,SKU014,Office Supplies,Hyderabad,81,11,35,57,3337
2023-03-09,SKU002,Electronics,Hyderabad,152,82,67,167,2241
2023-03-10,SKU018,Furniture,Bangalore,248,34,23,259,413
2023-03-10,SKU001,Furniture,Delhi,65,99,35,129,679
2023-03-10,SKU013,Furniture,Bangalore,442,74,29,487,1507
2023-03-10,SKU012,Electronics,Delhi,386,30,34,382,4571
2023-03-10,SKU016,Office Supplies,Mumbai,441,28,73,396,3381
2023-03-10,SKU009,Furniture,Delhi,140,30,75,95,2805
2023-03-10,SKU020,Office Supplies,Bangalore,352,3,45,310,4850
2023-03-10,SKU008,Office Supplies,Delhi,338,24,63,299,4641
2023-03-11,SKU010,Electronics,Mumbai,319,61,0,380,2917
2023-03-11,SKU006,Office Supplies,Delhi,462,16,43,435,1653
2023-03-11,SKU016,Furniture,Mumbai,61,18,75,4,1360
2023-03-11,SKU002,Electronics,Bangalore,87,47,50,84,5000
2023-03-11,SKU003,Electronics,Bangalore,204,41,17,228,1490
2023-03-11,SKU001,Office Supplies,Hyderabad,455,81,62,474,2799
2023-03-11,SKU004,Electronics,Bangalore,164,85,75,174,1636
2023-03-11,SKU020,Furniture,Bangalore,425,88,37,476,1243
2023-03-12,SKU006,Office Supplies,Delhi,377,72,13,436,4264
2023-03-12,SKU001,Electronics,Bangalore,431,9,30,410,3041
2023-03-12,SKU013,Furniture,Delhi,375,11,42,344,3858
2023-03-12,SKU002,Electronics,Bangalore,157,31,8,180,3071
2023-03-12,SKU020,Furniture,Mumbai,418,0,6,412,3361
2023-03-12,SKU010,Furniture,Hyderabad,135,52,63,124,3302
2023-03-12,SKU016,Furniture,Hyderabad,101,61,73,89,2047
2023-03-12,SKU018,Electronics,Hyderabad,87,4,37,54,364
2023-03-13,SKU011,Office Supplies,Mumbai,330,11,43,298,4154
2023-03-13,SKU009,Office Supplies,Mumbai,270,83,21,332,3756
2023-03-13,SKU004,Electronics,Mumbai,101,42,26,117,1756
2023-03-13,SKU003,Furniture,Bangalore,388,36,38,386,2145
2023-03-13,SKU020,Electronics,Mumbai,251,73,70,254,4221
2023-03-13,SKU017,Electronics,Mumbai,234,0,54,180,917
2023-03-13,SKU007,Furniture,Hyderabad,152,12,3,161,1895
2023-03-13,SKU015,Electronics,Bangalore,91,60,14,137,2726
2023-03-14,SKU013,Electronics,Bangalore,245,47,23,269,3851
2023-03-14,SKU016,Electronics,Bangalore,275,59,33,301,2053
2023-03-14,SKU019,Furniture,Mumbai,127,96,12,211,902
2023-03-14,SKU009,Office Supplies,Bangalore,463,69,52,480,2063
2023-03-14,SKU003,Office Supplies,Mumbai,480,49,66,463,3629
2023-03-14,SKU011,Office Supplies,Hyderabad,343,30,60,313,2648
2023-03-14,SKU017,Electronics,Hyderabad,487,91,4,574,4313
2023-03-14,SKU007,Office Supplies,Delhi,111,96,57,150,1616
2023-03-15,SKU006,Furniture,Delhi,471,80,18,533,2312
2023-03-15,SKU007,Furniture,Mumbai,94,49,71,72,3455
2023-03-15,SKU019,Office Supplies,Bangalore,488,35,66,457,3953
2023-03-15,SKU005,Electronics,Hyderabad,107,53,19,141,1414
2023-03-15,SKU002,Office Supplies,Mumbai,104,72,12,164,2543
2023-03-15,SKU018,Office Supplies,Bangalore,499,52,33,518,3337
2023-03-15,SKU016,Office Supplies,Hyderabad,342,77,60,359,506
2023-03-15,SKU011,Electronics,Bangalore,256,18,79,195,3490
2023-03-16,SKU002,Furniture,Mumbai,222,38,39,221,2496
2023-03-16,SKU013,Furniture,Mumbai,494,29,17,506,2661
2023-03-16,SKU011,Office Supplies,Hyderabad,446,41,34,453,3614
2023-03-16,SKU008,Office Supplies,Mumbai,146,56,27,175,3535
2023-03-16,SKU020,Office Supplies,Hyderabad,438,66,47,457,660
2023-03-16,SKU012,Office Supplies,Delhi,83,39,64,58,3504
2023-03-16,SKU017,Electronics,Mumbai,138,24,25,137,672
2023-03-16,SKU005,Electronics,Mumbai,283,6,46,243,1831
2023-03-17,SKU009,Electronics,Delhi,240,62,76,226,3854
2023-03-17,SKU012,Electronics,Hyderabad,350,70,44,376,3020
2023-03-17,SKU015,Electronics,Bangalore,433,88,11,510,2535
2023-03-17,SKU017,Electronics,Hyderabad,75,20,73,22,1955
2023-03-17,SKU013,Electronics,Delhi,396,26,34,388,3554
2023-03-17,SKU011,Office Supplies,Mumbai,492,99,1,590,4083
2023-03-17,SKU002,Electronics,Delhi,357,1,28,330,2267
2023-03-17,SKU018,Office Supplies,Bangalore,414,90,35,469,3671
2023-03-18,SKU013,Office Supplies,Hyderabad,349,13,0,362,4390
2023-03-18,SKU012,Office Supplies,Bangalore,337,82,76,343,2515
2023-03-18,SKU015,Furniture,Mumbai,296,8,43,261,2464
2023-03-18,SKU009,Office Supplies,Bangalore,491,35,33,493,2647
2023-03-18,SKU007,Electronics,Delhi,314,97,30,381,665
2023-03-18,SKU008,Office Supplies,Hyderabad,388,40,17,411,408
2023-03-18,SKU005,Office Supplies,Hyderabad,201,33,53,181,3514
2023-03-18,SKU011,Furniture,Mumbai,348,90,73,365,1755
2023-03-19,SKU011,Office Supplies,Delhi,200,12,60,152,1248
2023-03-19,SKU008,Office Supplies,Bangalore,421,71,23,469,2949
2023-03-19,SKU018,Office Supplies,Mumbai,163,45,28,180,2715
2023-03-19,SKU016,Furniture,Bangalore,240,33,74,199,2608
2023-03-19,SKU012,Furniture,Mumbai,290,6,74,222,4953
2023-03-19,SKU009,Office Supplies,Mumbai,291,24,64,251,1181
2023-03-19,SKU005,Office Supplies,Hyderabad,321,38,52,307,642
2023-03-19,SKU003,Electronics,Delhi,152,43,52,143,4864
2023-03-20,SKU015,Electronics,Bangalore,374,7,0,381,3903
2023-03-20,SKU005,Furniture,Delhi,439,99,21,517,4920
2023-03-20,SKU011,Electronics,Hyderabad,452,97,11,538,1260
2023-03-20,SKU006,Office Supplies,Hyderabad,374,54,51,377,3714
2023-03-20,SKU003,Furniture,Hyderabad,52,4,34,22,1833
2023-03-20,SKU008,Office Supplies,Bangalore,57,41,67,31,1761
2023-03-20,SKU017,Electronics,Mumbai,370,93,31,432,2053
2023-03-20,SKU018,Office Supplies,Bangalore,209,16,13,212,3342
2023-03-21,SKU017,Furniture,Hyderabad,422,66,76,412,4493
2023-03-21,SKU019,Furniture,Hyderabad,401,17,43,375,4215
2023-03-21,SKU010,Furniture,Delhi,134,51,2,183,2071
2023-03-21,SKU006,Electronics,Delhi,158,93,2,249,4333
2023-03-21,SKU003,Electronics,Mumbai,237,91,4,324,3273
2023-03-21,SKU014,Office Supplies,Bangalore,444,68,79,433,598
2023-03-21,SKU001,Office Supplies,Mumbai,388,13,2,399,595
2023-03-21,SKU005,Office Supplies,Mumbai,263,56,48,271,1212
2023-03-22,SKU018,Electronics,Bangalore,265,84,12,337,4462
2023-03-22,SKU009,Furniture,Delhi,264,13,65,212,1164
2023-03-22,SKU016,Furniture,Mumbai,451,13,63,401,1827
2023-03-22,SKU005,Office Supplies,Delhi,448,33,66,415,1852
2023-03-22,SKU007,Furniture,Hyderabad,201,20,5,216,4690
2023-03-22,SKU012,Furniture,Delhi,402,61,42,421,2121
2023-03-22,SKU011,Electronics,Mumbai,393,11,14,390,4903
2023-03-22,SKU014,Office Supplies,Hyderabad,126,11,65,72,814
2023-03-23,SKU004,Electronics,Delhi,497,5,37,465,3150
2023-03-23,SKU009,Office Supplies,Bangalore,268,94,14,348,978
2023-03-23,SKU008,Electronics,Mumbai,486,17,21,482,2892
2023-03-23,SKU015,Furniture,Hyderabad,368,34,11,391,3252
2023-03-23,SKU010,Furniture,Delhi,108,51,51,108,3939
2023-03-23,SKU005,Furniture,Hyderabad,403,61,53,411,1566
2023-03-23,SKU018,Electronics,Delhi,406,92,7,491,1505
2023-03-23,SKU001,Electronics,Hyderabad,352,61,72,341,3789
2023-03-24,SKU006,Furniture,Hyderabad,73,8,33,48,2774
2023-03-24,SKU013,Electronics,Delhi,392,43,66,369,4485
2023-03-24,SKU012,Office Supplies,Mumbai,271,84,31,324,4147
2023-03-24,SKU001,Furniture,Hyderabad,126,71,78,119,647
2023-03-24,SKU005,Electronics,Delhi,308,60,63,305,1554
2023-03-24,SKU008,Electronics,Hyderabad,214,30,42,202,2478
2023-03-24,SKU015,Electronics,Delhi,331,82,48,365,3503
2023-03-24,SKU002,Electronics,Mumbai,285,56,73,268,3870
2023-03-25,SKU003,Electronics,Mumbai,256,52,4,304,4764
2023-03-25,SKU016,Office Supplies,Mumbai,472,11,77,406,2695
2023-03-25,SKU015,Office Supplies,Delhi,385,85,58,412,2992
2023-03-25,SKU011,Furniture,Mumbai,468,28,58,438,2919
2023-03-25,SKU004,Office Supplies,Hyderabad,416,84,46,454,3907
2023-03-25,SKU008,Electronics,Mumbai,438,84,28,494,217
2023-03-25,SKU012,Furniture,Bangalore,474,81,37,518,4686
2023-03-25,SKU017,Office Supplies,Bangalore,409,13,5,417,1544
2023-03-26,SKU016,Electronics,Hyderabad,160,58,24,194,2968
2023-03-26,SKU005,Electronics,Hyderabad,73,81,75,79,1209
2023-03-26,SKU014,Furniture,Hyderabad,387,75,64,398,1302
2023-03-26,SKU004,Furniture,Mumbai,321,94,6,409,4732
2023-03-26,SKU009,Furniture,Hyderabad,310,99,22,387,4939
2023-03-26,SKU010,Electronics,Delhi,103,49,76,76,2836
2023-03-26,SKU017,Office Supplies,Hyderabad,264,77,31,310,2441
2023-03-26,SKU018,Furniture,Bangalore,200,57,17,240,1331
2023-03-27,SKU014,Office Supplies,Bangalore,401,44,16,429,1656
2023-03-27,SKU017,Office Supplies,Bangalore,413,14,45,382,4806
2023-03-27,SKU010,Furniture,Hyderabad,395,95,68,422,2542
2023-03-27,SKU011,Furniture,Mumbai,317,13,3,327,3320
2023-03-27,SKU007,Electronics,Mumbai,393,7,25,375,2387
2023-03-27,SKU004,Electronics,Bangalore,399,32,18,413,708
2023-03-27,SKU015,Office Supplies,Bangalore,154,96,69,181,464
2023-03-27,SKU018,Furniture,Hyderabad,102,78,71,109,2037
2023-03-28,SKU018,Furniture,Hyderabad,263,100,40,323,4723
2023-03-28,SKU013,Electronics,Mumbai,430,32,25,437,3829
2023-03-28,SKU008,Electronics,Bangalore,436,75,69,442,1809
2023-03-28,SKU017,Office Supplies,Delhi,200,57,22,235,810
2023-03-28,SKU010,Electronics,Delhi,426,65,15,476,3290
2023-03-28,SKU012,Electronics,Hyderabad,192,71,33,230,1265
2023-03-28,SKU011,Electronics,Bangalore,52,42,59,35,1468
2023-03-28,SKU001,Electronics,Delhi,215,76,6,285,2667
2023-03-29,SKU016,Office Supplies,Delhi,144,66,8,202,4338
2023-03-29,SKU019,Electronics,Hyderabad,328,68,51,345,953
2023-03-29,SKU018,Furniture,Delhi,159,84,42,201,2912
2023-03-29,SKU012,Furniture,Bangalore,161,96,79,178,4545
2023-03-29,SKU003,Furniture,Mumbai,108,85,44,149,3850
2023-03-29,SKU013,Electronics,Delhi,70,87,41,116,3324
2023-03-29,SKU017,Electronics,Hyderabad,181,69,36,214,402
2023-03-29,SKU006,Office Supplies,Bangalore,313,65,57,321,4187
2023-03-30,SKU002,Office Supplies,Mumbai,370,8,26,352,1946
2023-03-30,SKU010,Office Supplies,Hyderabad,477,13,26,464,4605
2023-03-30,SKU007,Office Supplies,Hyderabad,381,9,19,371,394
2023-03-30,SKU011,Furniture,Bangalore,69,11,9,71,644
2023-03-30,SKU003,Electronics,Bangalore,335,9,73,271,2064
2023-03-30,SKU020,Furniture,Hyderabad,248,57,80,225,3513
2023-03-30,SKU016,Furniture,Bangalore,58,49,15,92,4581
2023-03-30,SKU013,Electronics,Mumbai,437,95,74,458,572
2023-03-31,SKU003,Office Supplies,Mumbai,194,97,56,235,3324
2023-03-31,SKU012,Furniture,Mumbai,292,20,68,244,2001
2023-03-31,SKU017,Electronics,Hyderabad,457,69,37,489,1380
2023-03-31,SKU004,Furniture,Bangalore,55,70,71,54,1358
2023-03-31,SKU010,Electronics,Mumbai,52,73,76,49,3428
2023-03-31,SKU013,Office Supplies,Mumbai,206,26,44,188,1934
2023-03-31,SKU011,Furniture,Delhi,132,23,28,127,2270
2023-03-31,SKU005,Electronics,Mumbai,142,85,72,155,645
2023-04-01,SKU018,Electronics,Delhi,421,74,62,433,2910
2023-04-01,SKU015,Furniture,Delhi,393,83,30,446,1019
2023-04-01,SKU020,Furniture,Mumbai,149,40,62,127,3891
2023-04-01,SKU003,Furniture,Bangalore,405,74,19,460,4833
2023-04-01,SKU010,Office Supplies,Bangalore,463,40,54,449,1581
2023-04-01,SKU011,Electronics,Bangalore,176,100,28,248,3772
2023-04-01,SKU002,Furniture,Bangalore,118,86,42,162,4131
2023-04-01,SKU005,Furniture,Hyderabad,233,99,39,293,4189
2023-04-02,SKU018,Office Supplies,Delhi,184,93,80,197,826
2023-04-02,SKU004,Office Supplies,Mumbai,59,64,80,43,455
2023-04-02,SKU006,Office Supplies,Hyderabad,443,75,27,491,500
2023-04-02,SKU003,Office Supplies,Bangalore,328,69,60,337,1417
2023-04-02,SKU009,Furniture,Hyderabad,164,98,75,187,2583
2023-04-02,SKU014,Electronics,Hyderabad,306,65,11,360,3450
2023-04-02,SKU015,Furniture,Mumbai,389,30,78,341,1558
2023-04-02,SKU017,Office Supplies,Delhi,278,20,22,276,4839
2023-04-03,SKU019,Electronics,Mumbai,185,47,29,203,550
2023-04-03,SKU005,Office Supplies,Delhi,315,46,49,312,4047
2023-04-03,SKU016,Furniture,Mumbai,70,83,41,112,1045
2023-04-03,SKU012,Office Supplies,Bangalore,477,94,33,538,4940
2023-04-03,SKU002,Office Supplies,Delhi,242,83,48,277,3192
2023-04-03,SKU004,Office Supplies,Mumbai,314,32,48,298,2025
2023-04-03,SKU013,Office Supplies,Hyderabad,230,44,62,212,4149
2023-04-03,SKU008,Office Supplies,Mumbai,306,17,56,267,1556
2023-04-04,SKU008,Furniture,Mumbai,388,29,53,364,2905
2023-04-04,SKU003,Office Supplies,Mumbai,296,86,61,321,4124
2023-04-04,SKU017,Electronics,Delhi,381,52,2,431,2196
2023-04-04,SKU009,Electronics,Delhi,343,75,20,398,1303
2023-04-04,SKU007,Office Supplies,Mumbai,343,18,7,354,1562
2023-04-04,SKU019,Furniture,Delhi,314,51,76,289,4817
2023-04-04,SKU015,Office Supplies,Mumbai,499,92,36,555,902
2023-04-04,SKU014,Electronics,Hyderabad,360,60,61,359,1597
2023-04-05,SKU008,Furniture,Hyderabad,355,75,8,422,2082
2023-04-05,SKU014,Furniture,Hyderabad,117,13,2,128,1857
2023-04-05,SKU005,Office Supplies,Hyderabad,473,19,77,415,988
2023-04-05,SKU006,Electronics,Hyderabad,364,76,4,436,4553
2023-04-05,SKU009,Office Supplies,Mumbai,97,61,16,142,4617
2023-04-05,SKU003,Electronics,Hyderabad,317,53,47,323,555
2023-04-05,SKU012,Office Supplies,Hyderabad,167,61,48,180,3071
2023-04-05,SKU011,Office Supplies,Mumbai,267,17,32,252,4108
2023-04-06,SKU008,Office Supplies,Mumbai,345,66,15,396,4457
2023-04-06,SKU003,Electronics,Hyderabad,385,26,40,371,3549
2023-04-06,SKU010,Furniture,Mumbai,129,54,74,109,2277
2023-04-06,SKU014,Furniture,Hyderabad,339,46,78,307,2457
2023-04-06,SKU009,Office Supplies,Hyderabad,436,26,52,410,4722
2023-04-06,SKU004,Office Supplies,Hyderabad,141,47,71,117,4745
2023-04-06,SKU001,Furniture,Bangalore,207,73,44,236,3461
2023-04-06,SKU012,Office Supplies,Delhi,487,84,15,556,2082
2023-04-07,SKU015,Office Supplies,Mumbai,132,49,0,181,946
2023-04-07,SKU006,Electronics,Hyderabad,357,55,11,401,724
2023-04-07,SKU004,Furniture,Delhi,239,10,77,172,509
2023-04-07,SKU007,Office Supplies,Hyderabad,255,78,66,267,2546
2023-04-07,SKU013,Office Supplies,Mumbai,446,22,63,405,3796
2023-04-07,SKU016,Electronics,Delhi,485,84,66,503,2542
2023-04-07,SKU019,Electronics,Mumbai,451,76,65,462,4425
2023-04-07,SKU020,Office Supplies,Delhi,364,21,4,381,3146
2023-04-08,SKU008,Office Supplies,Hyderabad,257,75,25,307,4441
2023-04-08,SKU001,Electronics,Mumbai,96,70,36,130,4780
2023-04-08,SKU006,Office Supplies,Bangalore,227,35,28,234,1793
2023-04-08,SKU003,Furniture,Hyderabad,344,0,33,311,1633
2023-04-08,SKU009,Furniture,Mumbai,336,9,64,281,2610
2023-04-08,SKU013,Furniture,Mumbai,461,65,32,494,4606
2023-04-08,SKU007,Office Supplies,Bangalore,405,56,48,413,4813
2023-04-08,SKU018,Furniture,Delhi,437,43,58,422,3974
2023-04-09,SKU019,Electronics,Delhi,459,40,52,447,3092
2023-04-09,SKU001,Office Supplies,Mumbai,408,33,31,410,2553
2023-04-09,SKU016,Electronics,Hyderabad,394,95,43,446,822
2023-04-09,SKU004,Office Supplies,Delhi,293,40,45,288,1990
2023-04-09,SKU009,Office Supplies,Bangalore,143,95,24,214,4287
2023-04-09,SKU002,Office Supplies,Delhi,170,94,30,234,2374
2023-04-09,SKU007,Electronics,Delhi,153,31,79,105,3116
2023-04-09,SKU011,Electronics,Mumbai,111,10,63,58,254
2023-04-10,SKU018,Furniture,Delhi,441,65,35,471,3459
2023-04-10,SKU002,Electronics,Delhi,77,67,54,90,4118
2023-04-10,SKU016,Office Supplies,Mumbai,307,44,50,301,1631
2023-04-10,SKU012,Furniture,Mumbai,407,66,58,415,2785
2023-04-10,SKU011,Office Supplies,Mumbai,56,86,26,116,3308
2023-04-10,SKU008,Office Supplies,Mumbai,216,46,78,184,2327
2023-04-10,SKU010,Electronics,Bangalore,171,34,60,145,3010
2023-04-10,SKU005,Furniture,Delhi,305,54,26,333,3633
2023-04-11,SKU012,Office Supplies,Delhi,466,12,34,444,2131
2023-04-11,SKU020,Office Supplies,Hyderabad,488,48,25,511,1394
2023-04-11,SKU013,Office Supplies,Delhi,292,1,22,271,3653
2023-04-11,SKU009,Furniture,Delhi,484,80,66,498,4574
2023-04-11,SKU015,Office Supplies,Bangalore,452,62,38,476,2255
2023-04-11,SKU003,Office Supplies,Mumbai,253,12,20,245,691
2023-04-11,SKU010,Electronics,Bangalore,293,80,12,361,3885
2023-04-11,SKU016,Office Supplies,Bangalore,183,46,46,183,4790
2023-04-12,SKU018,Office Supplies,Delhi,345,73,68,350,1629
2023-04-12,SKU009,Furniture,Bangalore,216,86,65,237,4193
2023-04-12,SKU012,Office Supplies,Hyderabad,90,48,78,60,2547
2023-04-12,SKU001,Furniture,Delhi,494,21,43,472,3655
2023-04-12,SKU014,Office Supplies,Hyderabad,484,9,10,483,1527
2023-04-12,SKU002,Furniture,Delhi,210,40,37,213,2391
2023-04-12,SKU006,Office Supplies,Hyderabad,188,56,46,198,4467
2023-04-12,SKU011,Furniture,Hyderabad,135,23,2,156,1224
2023-04-13,SKU008,Electronics,Hyderabad,330,6,3,333,3452
2023-04-13,SKU009,Office Supplies,Mumbai,103,33,79,57,1472
2023-04-13,SKU003,Electronics,Hyderabad,208,29,31,206,2527
2023-04-13,SKU007,Furniture,Delhi,117,67,21,163,434
2023-04-13,SKU006,Electronics,Bangalore,490,41,60,471,4027
2023-04-13,SKU017,Office Supplies,Bangalore,330,56,17,369,4617
2023-04-13,SKU002,Electronics,Hyderabad,373,95,72,396,3763
2023-04-13,SKU014,Office Supplies,Bangalore,227,61,69,219,2060
2023-04-14,SKU003,Electronics,Mumbai,317,97,17,397,3017
2023-04-14,SKU015,Furniture,Hyderabad,323,1,62,262,4108
2023-04-14,SKU010,Furniture,Mumbai,442,55,37,460,2094
2023-04-14,SKU012,Electronics,Bangalore,146,52,71,127,3780
2023-04-14,SKU014,Furniture,Delhi,133,91,49,175,3299
2023-04-14,SKU005,Electronics,Bangalore,90,54,80,64,2162
2023-04-14,SKU020,Office Supplies,Bangalore,195,83,68,210,2402
2023-04-14,SKU019,Furniture,Delhi,486,8,23,471,1319
2023-04-15,SKU010,Electronics,Bangalore,59,19,6,72,4582
2023-04-15,SKU004,Electronics,Delhi,102,36,34,104,1224
2023-04-15,SKU015,Office Supplies,Hyderabad,422,1,29,394,938
2023-04-15,SKU018,Electronics,Mumbai,302,27,43,286,3642
2023-04-15,SKU009,Furniture,Hyderabad,240,59,4,295,2905
2023-04-15,SKU012,Electronics,Delhi,78,34,50,62,784
2023-04-15,SKU020,Office Supplies,Hyderabad,142,24,32,134,3325
2023-04-15,SKU008,Electronics,Mumbai,443,91,31,503,3352
2023-04-16,SKU015,Office Supplies,Delhi,292,49,39,302,2846
2023-04-16,SKU008,Electronics,Mumbai,431,70,66,435,1200
2023-04-16,SKU002,Furniture,Hyderabad,376,38,25,389,3152
2023-04-16,SKU007,Electronics,Delhi,107,30,55,82,2858
2023-04-16,SKU020,Electronics,Delhi,456,35,74,417,1180
2023-04-16,SKU012,Furniture,Delhi,54,5,37,22,4093
2023-04-16,SKU013,Office Supplies,Delhi,240,98,11,327,2237
2023-04-16,SKU018,Electronics,Hyderabad,96,87,79,104,2972
2023-04-17,SKU002,Furniture,Bangalore,462,56,24,494,374
2023-04-17,SKU020,Office Supplies,Hyderabad,233,92,17,308,2253
2023-04-17,SKU012,Electronics,Hyderabad,411,56,71,396,2614
2023-04-17,SKU005,Office Supplies,Hyderabad,147,72,23,196,4653
2023-04-17,SKU004,Furniture,Bangalore,424,59,35,448,4742
2023-04-17,SKU003,Electronics,Mumbai,321,19,57,283,2622
2023-04-17,SKU008,Furniture,Bangalore,282,0,64,218,3305
2023-04-17,SKU016,Office Supplies,Delhi,59,79,46,92,2156
2023-04-18,SKU011,Office Supplies,Delhi,363,36,41,358,3557
2023-04-18,SKU003,Office Supplies,Bangalore,106,12,66,52,746
2023-04-18,SKU018,Electronics,Delhi,141,4,25,120,1076
2023-04-18,SKU013,Furniture,Delhi,100,4,73,31,3383
2023-04-18,SKU007,Office Supplies,Hyderabad,319,79,75,323,2296
2023-04-18,SKU009,Electronics,Bangalore,163,77,9,231,307
2023-04-18,SKU020,Electronics,Hyderabad,476,10,59,427,697
2023-04-18,SKU008,Furniture,Hyderabad,470,47,7,510,2377
2023-04-19,SKU017,Electronics,Delhi,322,49,24,347,1782
2023-04-19,SKU002,Office Supplies,Delhi,341,80,22,399,4774
2023-04-19,SKU003,Office Supplies,Hyderabad,432,13,73,372,3132
2023-04-19,SKU010,Office Supplies,Hyderabad,409,85,54,440,1052
2023-04-19,SKU018,Electronics,Delhi,331,51,64,318,2964
2023-04-19,SKU004,Office Supplies,Delhi,323,76,56,343,3086
2023-04-19,SKU009,Furniture,Bangalore,482,47,52,477,3727
2023-04-19,SKU019,Office Supplies,Bangalore,361,30,72,319,4669
2023-04-20,SKU007,Electronics,Mumbai,195,76,2,269,4440
2023-04-20,SKU013,Electronics,Bangalore,53,38,28,63,1959
2023-04-20,SKU018,Furniture,Mumbai,445,88,35,498,4735
2023-04-20,SKU009,Office Supplies,Delhi,98,4,58,44,3113
2023-04-20,SKU012,Electronics,Delhi,185,46,74,157,2246
2023-04-20,SKU008,Electronics,Bangalore,465,38,11,492,4873
2023-04-20,SKU015,Furniture,Delhi,425,9,41,393,4152
2023-04-20,SKU020,Electronics,Hyderabad,472,88,73,487,981
2023-04-21,SKU020,Furniture,Bangalore,500,55,53,502,1187
2023-04-21,SKU010,Electronics,Mumbai,374,99,80,393,3333
2023-04-21,SKU002,Electronics,Bangalore,318,5,40,283,4623
2023-04-21,SKU013,Office Supplies,Delhi,217,64,28,253,1454
2023-04-21,SKU003,Electronics,Hyderabad,278,96,76,298,4912
2023-04-21,SKU017,Office Supplies,Mumbai,163,55,37,181,3430
2023-04-21,SKU001,Electronics,Delhi,222,10,60,172,4881
2023-04-21,SKU015,Office Supplies,Mumbai,330,51,33,348,896
2023-04-22,SKU013,Furniture,Hyderabad,383,73,25,431,4797
2023-04-22,SKU017,Office Supplies,Delhi,174,9,34,149,3723
2023-04-22,SKU014,Furniture,Mumbai,107,85,52,140,3669
2023-04-22,SKU005,Furniture,Bangalore,147,41,44,144,398
2023-04-22,SKU019,Furniture,Delhi,229,78,56,251,1394
2023-04-22,SKU008,Furniture,Mumbai,468,29,25,472,3262
2023-04-22,SKU009,Electronics,Mumbai,107,94,6,195,2191
2023-04-22,SKU004,Office Supplies,Delhi,494,36,1,529,3012
2023-04-23,SKU004,Office Supplies,Delhi,154,69,66,157,2318
2023-04-23,SKU010,Office Supplies,Hyderabad,368,93,18,443,350
2023-04-23,SKU015,Furniture,Mumbai,180,21,7,194,2526
2023-04-23,SKU016,Electronics,Bangalore,77,59,1,135,745
2023-04-23,SKU001,Furniture,Bangalore,389,84,46,427,1083
2023-04-23,SKU006,Electronics,Bangalore,494,83,49,528,2093
2023-04-23,SKU020,Furniture,Mumbai,211,62,76,197,4554
2023-04-23,SKU012,Electronics,Delhi,151,64,58,157,4793
2023-04-24,SKU001,Office Supplies,Delhi,59,44,45,58,3111
2023-04-24,SKU002,Office Supplies,Bangalore,170,64,35,199,707
2023-04-24,SKU008,Office Supplies,Bangalore,499,49,3,545,4746
2023-04-24,SKU017,Furniture,Delhi,127,43,50,120,1324
2023-04-24,SKU010,Electronics,Hyderabad,316,86,78,324,2063
2023-04-24,SKU006,Furniture,Delhi,343,19,54,308,2759
2023-04-24,SKU018,Office Supplies,Bangalore,279,69,16,332,1893
2023-04-24,SKU007,Office Supplies,Delhi,347,69,25,391,1331
2023-04-25,SKU010,Furniture,Mumbai,335,68,15,388,1708
2023-04-25,SKU017,Furniture,Delhi,422,3,40,385,3591
2023-04-25,SKU005,Furniture,Bangalore,276,95,35,336,1444
2023-04-25,SKU014,Electronics,Mumbai,117,23,3,137,2386
2023-04-25,SKU018,Office Supplies,Delhi,355,29,29,355,413
2023-04-25,SKU011,Furniture,Mumbai,402,99,61,440,1298
2023-04-25,SKU020,Office Supplies,Hyderabad,414,83,47,450,1707
2023-04-25,SKU003,Furniture,Hyderabad,292,17,20,289,1783
2023-04-26,SKU008,Office Supplies,Delhi,437,26,8,455,1650
2023-04-26,SKU002,Furniture,Hyderabad,402,41,58,385,2221
2023-04-26,SKU014,Furniture,Hyderabad,447,5,77,375,3316
2023-04-26,SKU001,Office Supplies,Bangalore,251,78,73,256,4592
2023-04-26,SKU009,Office Supplies,Mumbai,316,13,57,272,3942
2023-04-26,SKU007,Electronics,Delhi,315,68,50,333,521
2023-04-26,SKU004,Office Supplies,Hyderabad,314,97,80,331,603
2023-04-26,SKU012,Electronics,Bangalore,275,50,38,287,2542
2023-04-27,SKU015,Furniture,Hyderabad,96,92,64,124,1127
2023-04-27,SKU006,Electronics,Delhi,251,52,41,262,3893
2023-04-27,SKU014,Electronics,Delhi,282,75,25,332,3924
2023-04-27,SKU010,Electronics,Bangalore,215,88,20,283,1212
2023-04-27,SKU002,Electronics,Mumbai,411,57,46,422,898
2023-04-27,SKU012,Office Supplies,Hyderabad,422,65,78,409,1509
2023-04-27,SKU009,Furniture,Hyderabad,72,98,21,149,2945
2023-04-27,SKU003,Office Supplies,Delhi,133,18,22,129,620
2023-04-28,SKU014,Electronics,Delhi,51,79,32,98,300
2023-04-28,SKU010,Furniture,Hyderabad,487,63,69,481,247
2023-04-28,SKU019,Office Supplies,Hyderabad,171,27,75,123,4097
2023-04-28,SKU015,Furniture,Hyderabad,276,10,76,210,253
2023-04-28,SKU018,Electronics,Bangalore,367,80,71,376,1900
2023-04-28,SKU011,Electronics,Delhi,125,7,44,88,500
2023-04-28,SKU003,Electronics,Mumbai,391,73,77,387,2644
2023-04-28,SKU002,Furniture,Mumbai,75,13,53,35,1660
2023-04-29,SKU006,Electronics,Mumbai,443,38,41,440,3219
2023-04-29,SKU010,Furniture,Mumbai,438,54,70,422,731
2023-04-29,SKU018,Furniture,Hyderabad,118,15,35,98,2896
2023-04-29,SKU020,Office Supplies,Hyderabad,318,26,26,318,676
2023-04-29,SKU015,Electronics,Mumbai,297,92,77,312,2552
2023-04-29,SKU012,Furniture,Bangalore,182,67,73,176,3098
2023-04-29,SKU019,Electronics,Hyderabad,316,93,80,329,4277
2023-04-29,SKU017,Furniture,Delhi,362,29,37,354,1785
2023-04-30,SKU001,Office Supplies,Hyderabad,261,5,42,224,3064
2023-04-30,SKU004,Office Supplies,Delhi,55,81,25,111,2507
2023-04-30,SKU020,Furniture,Mumbai,207,38,64,181,4705
2023-04-30,SKU015,Furniture,Mumbai,108,87,42,153,2996
2023-04-30,SKU019,Furniture,Mumbai,476,22,24,474,2907
2023-04-30,SKU012,Furniture,Hyderabad,292,4,17,279,4144
2023-04-30,SKU014,Electronics,Hyderabad,492,68,42,518,3988
2023-04-30,SKU016,Furniture,Mumbai,477,66,38,505,4828
